מאימתי,ברכות,א,ב.
היה קורא,ברכות,ב,יג.
מי שמתו,ברכות,ג,יז:
תפילת השחר,ברכות,ד,כו.
אין עומדין,ברכות,ה,ל:
כיצד מברכין,ברכות,ו,לה.
שלשה שאכלו,ברכות,ז,מה.
אלו דברים,ברכות,ח,נא:
הרואה,ברכות,ט,נד.
יציאות השבת,שבת,א,ב.
במה מדליקין,שבת,ב,כ:
כירה,שבת,ג,לו:
במה טומנין,שבת,ד,מז:
במה בהמה,שבת,ה,נא:
במה אשה,שבת,ו,נז.
כלל גדול,שבת,ז,סז:
המוציא יין,שבת,ח,עו:
[אמר] רבי עקיבא,שבת,ט,פב.
המצניע,שבת,י,צ:
הזורק,שבת,יא,צו.
הבונה,שבת,יב,קב:
האורג,שבת,יג,קה.
שמונה שרצים,שבת,יד,קז.
אלו קשרים,שבת,טו,קיא:
כל כתבי,שבת,טז,קטו.
כל הכלים,שבת,יז,קכב:
מפנין,שבת,יח,קכו:
רבי אליעזר דמילה,שבת,יט,קל.
תולין,שבת,כ,קלז:
נוטל,שבת,כא,קמא:
חבית,שבת,כב,קמג:
שואל,שבת,כג,קמח.
מי שהחשיך,שבת,כד,קנג.
מבוי שהוא גבוה,עירובין,א,ב.
עושין פסין,עירובין,ב,יז:
בכל מערבין,עירובין,ג,כו:
מי שהוציאוהו,עירובין,ד,מא:
כיצד מעברין,עירובין,ה,נב:
הדר,עירובין,ו,סא:
חלון,עירובין,ז,עו.
כיצד משתתפין,עירובין,ח,פב.
כל גגות,עירובין,ט,פט.
המוצא תפילין,עירובין,י,צה.
אור לארבעה עשר,פסחים,א,ב.
כל שעה,פסחים,ב,כא.
(ו)אלו עוברין,פסחים,ג,מב.
מקום שנהגו,פסחים,ד,נ.
תמיד נשחט,פסחים,ה,נח.
אלו דברים,פסחים,ו,סה:
כיצד צולין,פסחים,ז,עד.
האשה,פסחים,ח,פז.
מי שהיה,פסחים,ט,צב:
ערבי פסחים,פסחים,י,צט:
ארבעה ראשי שנים,ראש השנה,א,ב.
אם אינן מכירין,ראש השנה,ב,כב.
ראוהו בית דין,ראש השנה,ג,כה:
יום טוב,ראש השנה,ד,כט:
שבעת ימים,יומא,א,ב.
בראשונה,יומא,ב,כב.
אמר להם הממונה,יומא,ג,כח.
טרף בקלפי,יומא,ד,לט.
הוציאו לו,יומא,ה,מז.
שני שעירי,יומא,ו,סב.
בא לו (כהן גדול),יומא,ז,סח:
יום הכיפורים,יומא,ח,עג:
סוכה,סוכה,א,ב.
הישן תחת המטה,סוכה,ב,כ:
לולב הגזול,סוכה,ג,כט:
לולב וערבה,סוכה,ד,מב:
החליל,סוכה,ה,נ.
ביצה,ביצה,א,ב.
יום טוב,ביצה,ב,טו:
אין צדין,ביצה,ג,כג:
המביא,ביצה,ד,כט:
משילין,ביצה,ה,לה:
מאימתי,תענית,א,ב.
סדר תעניות כיצד,תענית,ב,טו.
סדר תעניות אלו,תענית,ג,יח:
בשלשה פרקים,תענית,ד,כו.
מגילה נקראת,מגילה,א,ב.
הקורא למפרע,מגילה,ב,יז.
הקורא עומד,מגילה,ג,כא.
בני העיר,מגילה,ד,כו.
משקין בית השלחין,מועד קטן,א,ב.
מי שהפך,מועד קטן,ב,יא:
ואלו מגלחין,מועד קטן,ג,יג:
הכל חייבין,חגיגה,א,ב.
אין דורשין,חגיגה,ב,יא:
חומר בקודש,חגיגה,ג,כ:
חמש עשרה נשים,יבמות,א,ב.
כיצד,יבמות,ב,יז.
ארבעה אחין,יבמות,ג,כו.
החולץ ליבמתו,יבמות,ד,לה:
רבן גמליאל,יבמות,ה,נ.
הבא על יבמתו,יבמות,ו,נג:
אלמנה לכהן גדול,יבמות,ז,סו.
הערל,יבמות,ח,ע.
יש מותרות,יבמות,ט,פד.
האשה רבה,יבמות,י,פז:
נושאין על האנוסה,יבמות,יא,צז.
מצות חליצה,יבמות,יב,קא.
בית שמאי,יבמות,יג,קז.
חרש שנשא,יבמות,יד,קיב:
האשה שלום,יבמות,טו,קיד:
האשה בתרא,יבמות,טז,קיט.
בתולה נשאת,כתובות,א,ב.
האשה שנתארמלה,כתובות,ב,טו:
אלו נערות,כתובות,ג,כט.
נערה שנתפתתה,כתובות,ד,מא:
אף על פי,כתובות,ה,נד:
מציאת האשה,כתובות,ו,סה:
המדיר,כתובות,ז,ע.
האשה שנפלו,כתובות,ח,עח.
הכותב לאשתו,כתובות,ט,פג.
מי שהיה נשוי,כתובות,י,צ.
אלמנה ניזונת,כתובות,יא,צה:
הנושא את האשה,כתובות,יב,קא:
שני דייני,כתובות,יג,קד:
כל כנויי,נדרים,א,ב.
ואלו מותרין,נדרים,ב,יג:
ארבעה נדרים,נדרים,ג,כ:
אין בין המודר,נדרים,ד,לב:
השותפין,נדרים,ה,מה:
הנודר מן המבושל,נדרים,ו,מט.
הנודר מן הירק,נדרים,ז,נד.
קונם יין,נדרים,ח,ס.
רבי אליעזר,נדרים,ט,סד.
נערה המאורסה,נדרים,י,סו:
ואלו נדרים,נדרים,יא,עט.
כל כנויי נזירות,נזיר,א,ב.
הריני נזיר,נזיר,ב,ט.
מי שאמר,נזיר,ג,טז.
מי שאמר,נזיר,ד,כ:
בית שמאי,נזיר,ה,ל:
שלשה מינין,נזיר,ו,לד.
כהן גדול,נזיר,ז,מז.
שני נזירים,נזיר,ח,ב.
הכותים אין להם,נזיר,ט,נז.
המקנא,סוטה,א,ב.
היה מביא,סוטה,ב,יד.
היה נוטל,סוטה,ג,יט.
ארוסה,סוטה,ד,כג:
כשם שהמים,סוטה,ה,כז:
מי שקינא,סוטה,ו,לא.
אלו נאמרין,סוטה,ז,לב.
משוח מלחמה,סוטה,ח,מב.
עגלה ערופה,סוטה,ט,מד:
המביא גט,גיטין,א,ב.
המביא גט,גיטין,ב,טו.
כל הגט,גיטין,ג,כד.
השולח,גיטין,ד,לב.
הניזקין,גיטין,ה,מח:
האומר,גיטין,ו,סב:
מי שאחזו,גיטין,ז,סז:
הזורק,גיטין,ח,עז.
המגרש,גיטין,ט,פב.
האשה נקנית,קידושין,א,ב.
האיש מקדש,קידושין,ב,מא.
האומר,קידושין,ג,נח:
עשרה יוחסין,קידושין,ד,סט.
ארבעה אבות,בבא קמא,א,ב.
כיצד הרגל,בבא קמא,ב,יז.
המניח,בבא קמא,ג,כז.
שור שנגח ד' וה',בבא קמא,ד,לו.
שור שנגח את הפרה,בבא קמא,ה,מו.
הכונס,בבא קמא,ו,נה:
מרובה,בבא קמא,ז,סב:
החובל,בבא קמא,ח,פג:
הגוזל עצים,בבא קמא,ט,צג:
הגוזל ומאכיל,בבא קמא,י,קיא:
שנים אוחזין,בבא מציעא,א,ב.
אלו מציאות,בבא מציעא,ב,כא.
המפקיד,בבא מציעא,ג,לג:
הזהב,בבא מציעא,ד,מד.
איזהו נשך,בבא מציעא,ה,ס:
השוכר את האומנין,בבא מציעא,ו,עה:
השוכר את הפועלים,בבא מציעא,ז,פג.
השואל את הפרה,בבא מציעא,ח,צד.
המקבל שדה מחבירו,בבא מציעא,ט,קג.
הבית והעלייה,בבא מציעא,י,קטז:
השותפין,בבא בתרא,א,ב.
לא יחפור,בבא בתרא,ב,יז.
חזקת הבתים,בבא בתרא,ג,כח.
המוכר את הבית,בבא בתרא,ד,סא.
המוכר את הספינה,בבא בתרא,ה,עג.
המוכר פירות,בבא בתרא,ו,צב.
בית כור,בבא בתרא,ז,קב:
יש נוחלין,בבא בתרא,ח,קח.
מי שמת,בבא בתרא,ט,קלט:
גט פשוט,בבא בתרא,י,קס.
דיני ממונות בשלשה,סנהדרין,א,ב.
כהן גדול,סנהדרין,ב,יח.
זה בורר,סנהדרין,ג,כג.
אחד דיני ממונות,סנהדרין,ד,לב.
היו בודקין,סנהדרין,ה,מ.
נגמר הדין,סנהדרין,ו,מב:
ארבע מיתות,סנהדרין,ז,מט:
בן סורר ומורה,סנהדרין,ח,סח:
הנשרפין,סנהדרין,ט,עה.
חלק,סנהדרין,י,צ.
אלו הן הנחנקין,סנהדרין,יא,פד:
כיצד העדים,מכות,א,ב.
אלו הן הגולין,מכות,ב,ז.
ואלו הן הלוקין,מכות,ג,יג.
שבועות שתים,שבועות,א,ב.
ידיעות הטומאה,שבועות,ב,יד.
שבועות שתים,שבועות,ג,יט:
שבועת העדות,שבועות,ד,ל.
שבועת הפקדון,שבועות,ה,לו:
שבועת הדיינין,שבועות,ו,לח:
כל הנשבעין,שבועות,ז,מד:
ארבעה שומרין,שבועות,ח,מט.
לפני אידיהן,עבודה זרה,א,ב.
אין מעמידין,עבודה זרה,ב,כב.
כל הצלמים,עבודה זרה,ג,מ:
רבי ישמעאל,עבודה זרה,ד,מט:
השוכר את הפועל,עבודה זרה,ה,סב.
הורו בית דין,הוריות,א,ב.
הורה כהן משיח,הוריות,ב,ו:
כהן משיח,הוריות,ג,ט:
כל הזבחים,זבחים,א,ב.
כל הזבחים שקבלו דמן,זבחים,ב,טו:
כל הפסולין,זבחים,ג,לא:
בית שמאי,זבחים,ד,לו:
איזהו מקומן,זבחים,ה,מז.
קדשי קדשים,זבחים,ו,נח.
חטאת העוף,זבחים,ז,סו.
כל הזבחים,זבחים,ח,ע:
המזבח מקדש,זבחים,ט,פג.
כל התדיר,זבחים,י,פט.
דם חטאת,זבחים,יא,צב.
טבול יום,זבחים,יב,צח:
השוחט והמעלה,זבחים,יג,קו.
פרת חטאת,זבחים,יד,קיב.
כל המנחות,מנחות,א,ב.
הקומץ את המנחה,מנחות,בב,יג.
הקומץ רבה,מנחות,ג,יז.
התכלת,מנחות,ד,לח.
כל המנחות באות מצה,מנחות,ה,נב:
רבי ישמעאל,מנחות,ו,סג:
אלו מנחות נקמצות,מנחות,ז,עב:
התודה היתה באה,מנחות,ח,עו:
כל קרבנות הצבור,מנחות,ט,פג:
שתי מדות,מנחות,י,פז.
שתי הלחם,מנחות,יא,צד.
המנחות והנסכים,מנחות,יב,ק:
הרי עלי עשרון,מנחות,יג,קד:
הכל שוחטין,חולין,א,כז.
השוחט,חולין,ב,מב.
אלו טרפות,חולין,ג,מב.
בהמה המקשה,חולין,ד,סח.
אותו ואת בנו,חולין,ה,עח.
כסוי הדם,חולין,ו,פג:
גיד הנשה,חולין,ז,פט:
כל הבשר,חולין,ח,קג:
העור והרוטב,חולין,ט,קיז:
הזרוע והלחיים,חולין,י,קל.
ראשית הגז,חולין,יא,קלה.
שילוח הקן,חולין,יב,קלח:
הלוקח עובר חמורו,בכורות,א,ב.
הלוקח עובר פרתו,בכורות,ב,יג.
הלוקח בהמה,בכורות,ג,יט:
עד כמה,בכורות,ד,כו:
כל פסולי המוקדשין,בכורות,ה,לא.
על אלו מומין,בכורות,ו,לז.
מומין אלו,בכורות,זז,מג.
יש בכור,בכורות,ח,מו.
מעשר בהמה,בכורות,ט,נג.
הכל מעריכין,ערכין,א,ב.
אין נערכין,ערכין,ב,ז:
יש בערכין,ערכין,ג,יג:
השג יד,ערכין,ד,יז.
האומר משקלי עלי,ערכין,ה,יט.
שום היתומים,ערכין,ו,כא:
אין מקדישין,ערכין,ז,כד.
המקדיש שדהו,ערכין,ח,כז.
המוכר שדהו,ערכין,ט,כט:
הכל ממירין,תמורה,א,ב.
יש בקרבנות,תמורה,ב,יד.
אלו קדשים,תמורה,ג,יז:
ולד חטאת,תמורה,ד,כא:
כיצד מערימין,תמורה,ה,כד:
כל האסורין,תמורה,ו,כח.
יש בקדשי מזבח,תמורה,ז,לא.
שלשים ושש,כריתות,א,ב.
ארבעה מחוסרי כפרה,כריתות,ב,ח:
אמרו לו,כריתות,ג,יא:
ספק אכל חלב,כריתות,ד,יז.
דם שחיטה,כריתות,ה,כ:
המביא אשם,כריתות,ו,כג:
קדשי קדשים,מעילה,א,ב.
חטאת העוף,מעילה,ב,ח.
ולד חטאת,מעילה,ג,י:
קדשי מזבח,מעילה,ד,טו.
הנהנה מן ההקדש,מעילה,ה,יח.
השליח שעשה,מעילה,ו,כ.
בשלשה מקומות,תמיד,א,כה:
ראוהו אחיו,תמיד,ב,כח:
אמר להם הממונה,תמיד,ג,ל.
לא היו כופתין,תמיד,ד,ל:
אמר להם הממונה,תמיד,ה,לב:
החלו עולין,תמיד,ו,לג.
בזמן שכהן גדול,תמיד,ז,לג:
בשלשה מקומות,מדות,א,פרק בעל שם זהה בתמיד/א
הר הבית,מדות,ב,
המזבח,מדות,ג,
פתחו של היכל,מדות,ד,
כל העזרה,מדות,ה,
שמאי,נדה,א,ב.
כל היד,נדה,ב,יג.
המפלת חתיכה,נדה,ג,כא.
בנות כותים,נדה,ד,לא:
יוצא דופן,נדה,ה,מ.
בא סימן,נדה,ו,מח.
דם הנדה,נדה,ז,נד:
הרואה כתם,נדה,ח,נז:
האשה שהיא עושה,נדה,ט,נט:
תינוקת,נדה,י,סד: